GEO_ID,NAME,0-4,5-9,10-14,15-19,20-24,25-29,30-34,35-39,40-44,45-49,50-54,55-59,60-64,65-69,70-74,75-79,80-84,85+
5001800US0101,"Congressional District 1 (118th Congress), Alabama",40893,44863,45733,46558,42659,45605,47939,43605,43759,45632,45673,44011,52844,45816,38099,28801,14011,14434
5001800US0102,"Congressional District 2 (118th Congress), Alabama",40894,46060,46708,46346,44130,45956,53852,44618,45152,40301,46049,47032,45545,41309,35057,28127,14568,11390
5001800US0103,"Congressional District 3 (118th Congress), Alabama",38144,42636,43542,49761,57744,44128,45301,46187,41737,41931,45221,46781,48206,44248,36913,24465,15710,10509
5001800US0104,"Congressional District 4 (118th Congress), Alabama",42629,44041,48654,47175,46155,40203,45394,41604,49198,41499,48287,48669,47176,45417,35895,27512,15788,12311
5001800US0105,"Congressional District 5 (118th Congress), Alabama",39403,48768,43715,46793,47600,47463,49756,46368,48920,44854,47954,48138,55433,42406,32450,24943,16480,11794
5001800US0106,"Congressional District 6 (118th Congress), Alabama",38901,46808,45299,44297,46798,40724,46078,47693,50965,44945,46472,44826,45059,40865,32564,23120,14004,10719
5001800US0107,"Congressional District 7 (118th Congress), Alabama",43200,38416,44872,59137,60040,51086,48667,39052,43558,37735,41127,38630,47313,44573,30577,20908,13354,13876
5001800US0200,"Congressional District (at Large) (118th Congress), Alaska",46497,49637,51178,44794,52259,54076,59824,55229,49682,39382,42431,43503,43617,41853,27043,16763,10107,5708
5001800US0401,"Congressional District 1 (118th Congress), Arizona",35728,38933,37205,42651,46289,56032,54705,51142,46108,53324,55758,54212,58684,50325,39852,35915,22839,19734
5001800US0402,"Congressional District 2 (118th Congress), Arizona",41402,46831,50049,54037,53505,49017,50431,49194,42250,41332,46070,46458,61090,57293,54530,42862,20352,13797
5001800US0403,"Congressional District 3 (118th Congress), Arizona",54857,59312,66034,73458,71571,78189,69160,57854,62835,50089,45503,36220,37113,26555,19697,12194,8182,6266
5001800US0404,"Congressional District 4 (118th Congress), Arizona",40840,46268,47992,53945,72537,74107,69799,50267,51586,38787,45044,43730,45760,36520,30300,23441,16792,12118
5001800US0405,"Congressional District 5 (118th Congress), Arizona",46733,60147,62228,59054,50462,41713,57500,58231,55148,53462,53104,52677,46451,44525,37296,31796,14620,10449
5001800US0406,"Congressional District 6 (118th Congress), Arizona",37845,38536,46766,44651,49970,45648,47527,45157,46692,40098,43071,43912,54257,56158,56282,43042,28039,22992
5001800US0407,"Congressional District 7 (118th Congress), Arizona",46078,53954,51817,66748,79594,61523,58977,47571,53526,43988,46452,40706,45128,40313,29548,23303,15473,10442
5001800US0408,"Congressional District 8 (118th Congress), Arizona",40953,43189,47241,45655,50278,48566,51691,53404,43735,48232,51029,47500,51521,50053,50648,45202,22884,19719
5001800US0409,"Congressional District 9 (118th Congress), Arizona",48977,51188,54220,47535,48278,52454,51652,55706,56064,49097,50826,49172,56684,53408,47775,38978,25711,13734
5001800US0501,"Congressional District 1 (118th Congress), Arkansas",42379,47353,49001,48529,44774,42734,44111,45214,46824,45684,47757,47100,51391,47648,36351,28552,18151,14119
5001800US0502,"Congressional District 2 (118th Congress), Arkansas",44557,47613,49696,46763,57747,49433,51237,46330,51067,44394,46112,45639,49986,42246,33815,25683,16158,13200
5001800US0503,"Congressional District 3 (118th Congress), Arkansas",47487,56349,53186,55249,60119,55159,58071,53116,56283,43533,45607,42156,44809,36369,31018,21605,12843,11945
5001800US0504,"Congressional District 4 (118th Congress), Arkansas",43342,45138,48506,52959,47266,39950,45182,44266,44540,43076,47240,46986,53795,47478,40234,29245,17271,14911
5001800US0601,"Congressional District 1 (118th Congress), California",41814,50635,48382,49047,57750,45475,51674,49566,45979,40532,42857,43913,47432,44910,39063,27939,16184,15409
5001800US0602,"Congressional District 2 (118th Congress), California",31262,38448,41825,43378,38410,40296,41560,42840,49727,47343,48794,50993,55571,53498,49597,37366,18973,17529
5001800US0603,"Congressional District 3 (118th Congress), California",37909,41259,48740,43714,36281,41155,46918,50676,53704,45866,50749,49002,55031,53622,45843,31373,21037,20987
5001800US0604,"Congressional District 4 (118th Congress), California",35467,39671,45216,55699,66910,45670,50303,51776,46157,42293,44349,45129,50819,42296,42177,28251,17474,15546
5001800US0605,"Congressional District 5 (118th Congress), California",38765,48206,51772,47862,42674,46923,48171,50605,49859,46787,46552,46193,54027,52226,41112,30635,18517,17967
5001800US0606,"Congressional District 6 (118th Congress), California",46726,50213,50036,44884,44826,55291,61408,61942,50687,41112,46294,44276,43373,37754,28188,19766,11444,11773
5001800US0607,"Congressional District 7 (118th Congress), California",41124,45200,49304,53845,52069,53070,61209,56049,49178,49092,43030,44973,44880,39030,30503,22664,13221,14619
5001800US0608,"Congressional District 8 (118th Congress), California",40640,44412,46498,47031,49672,49378,54713,55891,52277,42611,48520,45891,46170,43782,32008,22047,12540,14108
5001800US0609,"Congressional District 9 (118th Congress), California",50084,51964,61431,56608,53029,52006,55539,51335,54435,45677,46240,45037,40406,35227,27249,20125,13182,9852
5001800US0610,"Congressional District 10 (118th Congress), California",41028,45582,50000,47822,39389,39366,43787,53709,56212,57514,53493,49710,47198,36221,36223,26185,14506,16119
5001800US0611,"Congressional District 11 (118th Congress), California",29424,24891,25347,24875,37246,65453,81210,68062,49145,44480,46049,43660,39068,35807,34447,23713,15091,17710
5001800US0612,"Congressional District 12 (118th Congress), California",38314,35836,36152,43966,51799,54132,66172,58602,55767,45616,48116,43014,40201,35928,33073,21756,15000,13153
5001800US0613,"Congressional District 13 (118th Congress), California",54326,61887,68590,69033,58158,52339,55714,55132,48128,43785,46405,42514,36834,33984,22614,15176,9158,8575
5001800US0614,"Congressional District 14 (118th Congress), California",38131,42433,42788,42914,32741,47338,59500,54993,56758,52747,49632,48511,47006,37154,30169,22831,12334,15240
5001800US0615,"Congressional District 15 (118th Congress), California",34149,38262,39338,37483,37820,49267,54250,54171,53457,48256,51513,46361,44011,39840,32911,23626,15581,18958
5001800US0616,"Congressional District 16 (118th Congress), California",37839,39684,44582,50744,39631,44456,54068,49342,49735,47050,52116,44475,49462,41874,30532,23350,18100,18341
5001800US0617,"Congressional District 17 (118th Congress), California",38351,37387,39231,38198,43769,64843,77347,63660,53021,48911,45857,46357,44428,32116,23066,19459,11549,13216
5001800US0618,"Congressional District 18 (118th Congress), California",44377,47687,55099,55354,60328,53280,56432,53741,43808,44531,45891,44893,39613,31403,23451,15450,9224,10124
5001800US0619,"Congressional District 19 (118th Congress), California",33968,38444,43824,51933,52111,42030,43918,52017,47135,45591,49925,46169,47872,44852,41659,29881,17957,16330
5001800US0620,"Congressional District 20 (118th Congress), California",52760,54518,66640,50924,53479,56358,58773,56798,49699,47061,41703,44789,43869,38404,28925,22903,13808,11914
5001800US0621,"Congressional District 21 (118th Congress), California",56924,56568,66035,63580,54235,53428,60279,59312,45048,39061,38002,34905,37647,27797,20846,16869,8959,9409
5001800US0622,"Congressional District 22 (118th Congress), California",55101,62975,69629,68465,65319,62407,58921,49077,53362,42526,42867,36273,33993,25202,21539,12377,7641,7345
5001800US0623,"Congressional District 23 (118th Congress), California",46934,56104,68673,52813,54264,51056,58197,51358,51960,40154,37819,43187,41651,34624,28124,19798,9644,9697
5001800US0624,"Congressional District 24 (118th Congress), California",38392,39122,41684,61835,78875,45762,46986,41889,44370,40012,41330,42815,46804,43288,37641,27003,15765,17138
5001800US0625,"Congressional District 25 (118th Congress), California",45539,48689,60616,56704,50382,49486,49752,56565,48927,43860,41427,43891,45443,41811,30479,27814,17776,14440
5001800US0626,"Congressional District 26 (118th Congress), California",38654,47157,51190,50812,49157,50046,49953,47678,50745,46471,47163,48217,51310,40449,33431,25388,15536,14707
5001800US0627,"Congressional District 27 (118th Congress), California",41501,47505,56401,50830,47425,43365,51793,51754,47990,50322,53379,46804,45620,41209,26066,15356,10584,9688
5001800US0628,"Congressional District 28 (118th Congress), California",30228,35855,44896,41961,37039,43258,47950,48711,47609,51139,53155,50201,47638,39168,36049,25624,19496,19765
5001800US0629,"Congressional District 29 (118th Congress), California",37771,37883,46043,45907,53184,60765,64621,54447,51803,45314,49250,44521,42077,31198,28384,17335,9389,8840
5001800US0630,"Congressional District 30 (118th Congress), California",30884,27985,28544,28285,38090,70496,79632,61700,51486,49886,49618,46119,46701,39582,27129,21456,15948,18507
5001800US0631,"Congressional District 31 (118th Congress), California",33628,41798,50736,50034,46920,48069,52272,50655,47613,48189,48239,48113,47104,37040,28460,22389,15476,13717
5001800US0632,"Congressional District 32 (118th Congress), California",42950,37396,41551,42467,45427,56605,57747,60206,55372,46424,55253,51385,50436,42896,36590,25219,15990,19642
5001800US0633,"Congressional District 33 (118th Congress), California",47506,49812,57619,61897,63252,63782,59356,45993,58835,49725,47958,44651,39286,33352,20448,13740,10288,7131
5001800US0634,"Congressional District 34 (118th Congress), California",36270,37104,42995,42104,55084,66762,71437,60887,55728,45420,48688,38500,39295,33126,25176,19236,13467,14282
5001800US0635,"Congressional District 35 (118th Congress), California",50017,49438,57998,57536,56511,59392,64787,53387,55726,50980,49439,43310,38526,30434,20335,14634,9760,7700
5001800US0636,"Congressional District 36 (118th Congress), California",27449,33294,35636,44025,50656,53541,60414,48658,51294,47108,52281,46933,43044,40342,32362,25718,15473,19184
5001800US0637,"Congressional District 37 (118th Congress), California",42277,41351,48831,52023,62647,63489,64839,58969,50003,42973,43190,39385,40276,32039,21980,13198,10212,12734
5001800US0638,"Congressional District 38 (118th Congress), California",38445,39607,41836,43837,44201,49289,53745,46805,44059,49054,46136,47932,49227,40713,32078,20708,16754,15595
5001800US0639,"Congressional District 39 (118th Congress), California",46049,52246,56068,60953,67022,65589,61244,52216,52721,45034,46684,41837,37956,32605,19874,15655,9182,7171
5001800US0640,"Congressional District 40 (118th Congress), California",38731,42772,40665,43802,44829,38056,43789,46807,48751,44449,60564,55958,50511,40340,37394,29368,16167,19251
5001800US0641,"Congressional District 41 (118th Congress), California",42921,48356,57280,52560,49235,44576,52472,50359,49934,48686,52805,47526,52050,44616,38615,32497,19292,13536
5001800US0642,"Congressional District 42 (118th Congress), California",39479,44498,45820,51457,56052,56473,58158,49985,51019,48137,45453,44547,42562,31896,22643,16892,9133,9637
5001800US0643,"Congressional District 43 (118th Congress), California",41064,47451,56307,48308,48803,55980,57969,54153,47890,44333,45954,42312,41229,31011,23848,14788,11020,10623
5001800US0644,"Congressional District 44 (118th Congress), California",39211,43864,49905,49466,51017,54486,60868,50938,44747,46041,48255,47230,46125,36458,26524,18100,11458,10651
5001800US0645,"Congressional District 45 (118th Congress), California",35625,42149,48387,43775,49911,50406,51043,44585,51299,47118,54951,52907,50869,41628,29109,25336,16621,16789
5001800US0646,"Congressional District 46 (118th Congress), California",44823,41191,51869,57555,54924,61212,64840,54639,47744,50012,46088,44526,39757,34469,21867,13871,11125,8942
5001800US0647,"Congressional District 47 (118th Congress), California",36948,36874,43193,50216,55378,57718,60728,50608,49041,46072,50506,51054,43229,33962,32135,23283,17300,14695
5001800US0648,"Congressional District 48 (118th Congress), California",45778,51033,52063,45843,42896,45625,58260,56234,52373,42146,44984,45978,50311,43620,34938,25891,15055,13528
5001800US0649,"Congressional District 49 (118th Congress), California",39665,44211,49874,47675,52903,47605,46940,47292,50102,46433,51093,44940,48404,44119,36327,28137,13470,13174
5001800US0650,"Congressional District 50 (118th Congress), California",36458,30646,35890,50385,55611,68082,72817,59233,53299,44632,45593,40595,41703,33027,28988,26720,11945,13345
5001800US0651,"Congressional District 51 (118th Congress), California",43726,41417,38914,45723,54507,64719,67529,52189,53067,46881,43721,45347,47842,36869,27517,21577,13413,12570
5001800US0652,"Congressional District 52 (118th Congress), California",40980,52466,58229,50641,55939,55508,57296,55010,53397,46301,46135,38904,37651,31986,28029,17782,12214,10772
5001800US0801,"Congressional District 1 (118th Congress), Colorado",38678,33544,35991,34487,46773,84757,85053,65614,55230,43391,40376,35693,31686,28177,25446,15598,9861,9687
5001800US0802,"Congressional District 2 (118th Congress), Colorado",29102,33307,38682,56660,72577,52175,50025,53828,47653,42469,43955,39960,43800,43869,34170,22328,11932,9620
5001800US0803,"Congressional District 3 (118th Congress), Colorado",34319,40243,45567,47194,40834,43952,46160,48150,51693,38641,42613,45166,53847,51028,42183,27997,17660,14269
5001800US0804,"Congressional District 4 (118th Congress), Colorado",42017,47967,51856,46738,42708,46212,54790,52579,53193,50883,49186,44398,50894,39409,30873,23530,11953,9705
5001800US0805,"Congressional District 5 (118th Congress), Colorado",44547,42742,51234,47549,60205,60905,58309,55173,46032,42006,40176,41714,39965,34543,26524,19853,11876,9505
5001800US0806,"Congressional District 6 (118th Congress), Colorado",40301,43097,46066,46442,44745,53374,55111,53569,55026,46876,47034,37029,43023,36471,30296,20391,9707,10135
5001800US0807,"Congressional District 7 (118th Congress), Colorado",30812,36012,38357,38336,37706,49697,59890,54953,53124,44143,44965,45978,53037,46786,38162,22839,14917,14648
5001800US0808,"Congressional District 8 (118th Congress), Colorado",45287,47560,53125,52408,50147,54118,61414,57487,57051,43801,44179,37976,43186,29946,24469,15534,12647,7117
5001800US0901,"Congressional District 1 (118th Congress), Connecticut",35893,37154,39145,45124,54077,49061,49848,47020,43360,43413,47063,51922,46206,41027,31718,25712,13638,17468
5001800US0902,"Congressional District 2 (118th Congress), Connecticut",32468,35655,43705,48105,49796,40303,43962,46684,42529,37690,46159,55111,56468,48414,38770,29355,15915,16322
5001800US0903,"Congressional District 3 (118th Congress), Connecticut",36828,36308,40374,54610,52897,51132,49757,46801,41062,42421,49320,48392,53166,41755,34013,24796,14964,16446
5001800US0904,"Congressional District 4 (118th Congress), Connecticut",37021,40968,44115,50139,44063,39151,41438,48859,46142,44999,52372,50334,49961,36514,31391,22546,14487,15965
5001800US0905,"Congressional District 5 (118th Congress), Connecticut",36243,45720,50238,47697,42674,41284,44574,49171,48685,45001,46963,50497,53195,41246,36980,21730,16770,15770
5001800US1000,"Congressional District (at Large) (118th Congress), Delaware",54058,57518,59905,62893,59981,61590,68973,61247,64060,52379,60491,65121,78000,69310,57686,41828,24484,18872
5001800US1201,"Congressional District 1 (118th Congress), Florida",44750,47441,47542,46859,54546,55278,55908,51536,50886,42746,47338,51934,54773,49298,33007,27271,14496,13738
5001800US1202,"Congressional District 2 (118th Congress), Florida",40031,41382,45030,55392,75169,48374,52808,49353,50182,42868,49972,47512,54166,45311,39198,26684,15803,13187
5001800US1203,"Congressional District 3 (118th Congress), Florida",37991,41134,47116,55630,68400,46347,50097,46550,44432,41154,44944,46329,51464,50395,45655,35657,22485,18943
5001800US1204,"Congressional District 4 (118th Congress), Florida",50168,51697,55905,49513,47424,51084,57248,55697,48407,44576,50753,54335,53662,45848,35002,24057,14145,12271
5001800US1205,"Congressional District 5 (118th Congress), Florida",41725,45071,49459,47041,49663,56502,61077,57542,54563,48552,50948,49949,49970,45038,36499,26959,17896,13231
5001800US1206,"Congressional District 6 (118th Congress), Florida",35965,38837,40209,42154,44242,39519,43708,43001,44372,41693,53545,53761,64801,63712,60113,47109,32685,23195
5001800US1207,"Congressional District 7 (118th Congress), Florida",35929,39492,47385,42033,45712,51070,53992,53258,53242,48261,51696,54379,53000,50489,42194,31358,16827,17905
5001800US1208,"Congressional District 8 (118th Congress), Florida",32177,36636,43536,40544,41648,40997,43057,44598,46242,41555,49961,58179,67055,61362,54967,45089,28161,25918
5001800US1209,"Congressional District 9 (118th Congress), Florida",46771,44065,56824,50028,52044,57238,60982,62059,68544,58868,53054,47706,46358,37647,30686,24541,13650,10597
5001800US1210,"Congressional District 10 (118th Congress), Florida",41284,42208,37118,58384,70934,71688,63450,55182,49590,44853,45334,44847,44227,30438,25621,16521,12366,12883
5001800US1211,"Congressional District 11 (118th Congress), Florida",39505,47546,49039,43195,37339,40631,51531,48057,55573,50439,48533,46798,52692,56268,59699,50756,25312,19549
5001800US1212,"Congressional District 12 (118th Congress), Florida",36350,42856,43385,43598,38621,40766,46015,47991,46157,44559,50937,52687,61158,59481,53996,47529,26666,23324
5001800US1213,"Congressional District 13 (118th Congress), Florida",27824,32670,33754,33505,37239,38111,43369,40677,39037,41100,51440,61435,68347,57958,55218,44527,28989,28493
5001800US1214,"Congressional District 14 (118th Congress), Florida",42623,41237,36907,42719,48624,67326,60684,60700,53067,50041,52874,51132,44806,38846,34586,25794,14483,15706
5001800US1215,"Congressional District 15 (118th Congress), Florida",39778,48539,53169,56349,57337,51704,56147,57908,54860,52528,50602,52173,50956,41032,37448,27934,17755,11612
5001800US1216,"Congressional District 16 (118th Congress), Florida",42824,44360,50716,43798,41451,45186,57818,50147,50263,47508,53764,53501,54144,55825,48233,42278,23587,19558
5001800US1217,"Congressional District 17 (118th Congress), Florida",29721,34445,37508,38715,39148,33884,37944,40909,37499,39852,49675,59228,71142,76559,69040,70344,41083,33083
5001800US1218,"Congressional District 18 (118th Congress), Florida",45548,48057,54125,56280,52844,48880,55897,53714,51386,43869,47858,48187,50628,49181,45332,40555,23997,17355
5001800US1219,"Congressional District 19 (118th Congress), Florida",30635,31733,33112,34709,37295,35449,39586,39861,36599,38384,47138,53547,64983,67075,72722,64197,42110,33109
5001800US1220,"Congressional District 20 (118th Congress), Florida",47867,45113,48223,41774,42959,50276,52579,57449,54448,45509,47963,46414,50074,41574,34055,25046,19361,18250
5001800US1221,"Congressional District 21 (118th Congress), Florida",36475,39633,42425,45886,38100,38430,47981,41511,43722,44796,51496,60657,58808,54861,54854,51133,31195,25980
5001800US1222,"Congressional District 22 (118th Congress), Florida",36830,37615,38357,41012,42571,41161,45577,48630,44631,45511,47843,51668,51194,53900,46863,45864,32822,31898
5001800US1223,"Congressional District 23 (118th Congress), Florida",39959,43630,43893,42418,37772,46591,52621,45269,49865,44162,50602,51544,56118,44189,41048,34926,21763,22337
5001800US1224,"Congressional District 24 (118th Congress), Florida",46073,43672,50259,43442,49139,51614,57863,56624,57006,49346,54596,51323,49469,40789,36213,24067,15000,15178
5001800US1225,"Congressional District 25 (118th Congress), Florida",35235,41023,45193,48075,51487,42472,49078,49142,55411,55853,55446,59830,48892,39561,32417,26917,16294,15476
5001800US1226,"Congressional District 26 (118th Congress), Florida",40486,43982,45786,46204,46775,44003,52331,51480,53417,59524,55232,56709,49884,42776,35208,32702,22000,18174
5001800US1227,"Congressional District 27 (118th Congress), Florida",38491,33125,34912,42828,42302,54376,56137,55002,43422,49347,52732,55945,51745,42105,31252,24497,18777,27624
5001800US1228,"Congressional District 28 (118th Congress), Florida",38335,35783,49310,43313,49701,41763,47556,51842,46987,52309,58124,50383,45965,38172,33198,26947,17641,13218
5001800US1301,"Congressional District 1 (118th Congress), Georgia",47545,50628,51099,54851,58345,57247,51876,54309,50955,42313,48517,45911,48183,41029,34414,26594,14463,12030
5001800US1302,"Congressional District 2 (118th Congress), Georgia",42636,53134,52591,48877,51631,48904,51915,48179,49174,47195,45223,44383,45758,41275,34402,24174,14380,11176
5001800US1303,"Congressional District 3 (118th Congress), Georgia",40721,47889,54586,58412,53878,44957,47398,52056,46427,48002,49039,52940,52820,41655,41821,25285,14248,12979
5001800US1304,"Congressional District 4 (118th Congress), Georgia",48654,43493,56360,49242,53826,57659,60923,56521,53675,48242,48063,51018,46393,38172,29193,19417,11558,8986
5001800US1305,"Congressional District 5 (118th Congress), Georgia",40695,40106,41355,44737,63610,76549,75944,61815,47742,48252,46669,36689,35783,31558,26822,19263,11919,10263
5001800US1306,"Congressional District 6 (118th Congress), Georgia",41595,50699,56648,59453,39497,39940,46327,58834,57624,56048,63268,50900,50434,37138,32763,24658,13581,11112
5001800US1307,"Congressional District 7 (118th Congress), Georgia",45037,51653,64168,60354,50440,50784,53137,48985,56440,55205,55260,53991,40402,32178,25610,16922,10977,4705
5001800US1308,"Congressional District 8 (118th Congress), Georgia",45698,50210,51687,56597,59907,48504,52578,44893,48239,43603,46815,49364,45716,39878,34902,24152,15380,11285
5001800US1309,"Congressional District 9 (118th Congress), Georgia",43456,49881,48029,56339,56861,43493,44941,49987,50191,47316,56568,53602,53471,42843,41145,28915,14905,12334
5001800US1310,"Congressional District 10 (118th Congress), Georgia",45064,44411,56752,59362,66837,49883,51735,52854,59899,46250,53636,47580,50102,41174,33034,24294,13827,9943
5001800US1311,"Congressional District 11 (118th Congress), Georgia",41654,46058,49971,52940,53706,60461,60196,55799,54218,49072,54210,47415,46739,38822,30270,23051,11759,10305
5001800US1312,"Congressional District 12 (118th Congress), Georgia",46715,51239,48732,54937,59396,52259,50492,49955,51012,42269,47903,49544,42640,40498,34543,20925,15051,12721
5001800US1313,"Congressional District 13 (118th Congress), Georgia",47755,53896,54124,54594,52460,52134,54402,49868,55974,52739,56723,49841,44092,32974,26792,16348,7513,5165
5001800US1314,"Congressional District 14 (118th Congress), Georgia",43901,49918,54941,52254,51169,48182,51177,46956,56469,50257,50592,48030,52668,41949,31704,23662,15088,10404
5001800US1501,"Congressional District 1 (118th Congress), Hawaii",34543,38646,41728,37296,45748,49159,53492,48787,47426,41845,45923,42186,43762,42158,33218,29109,19811,22901
5001800US1502,"Congressional District 2 (118th Congress), Hawaii",44384,43587,46544,40278,43599,41749,45691,49271,46647,41496,40880,43044,47831,46978,40687,29457,16134,14201
5001800US1601,"Congressional District 1 (118th Congress), Idaho",55397,64107,69709,66350,59794,56924,65474,59659,69826,55936,59358,58899,61139,58889,53138,35166,19643,15542
5001800US1602,"Congressional District 2 (118th Congress), Idaho",56419,63674,70053,71958,81394,65582,62363,61133,65485,52955,51409,49397,55109,50316,37861,26958,17119,14898
5001800US1701,"Congressional District 1 (118th Congress), Illinois",39769,44663,45544,49445,47019,45033,45411,45577,43735,38501,52888,43662,51814,42533,36057,25490,15382,16027
5001800US1702,"Congressional District 2 (118th Congress), Illinois",39651,43152,56007,48617,48552,44281,47225,42382,42402,43610,42827,49796,50638,42631,33817,25724,15790,13707
5001800US1703,"Congressional District 3 (118th Congress), Illinois",40304,36982,43683,47972,47322,54229,58121,52216,52753,43322,44707,47539,39811,33977,27567,16132,11197,10704
5001800US1704,"Congressional District 4 (118th Congress), Illinois",37250,45742,48816,53328,55522,49771,48362,47862,45155,48001,47616,44024,44891,35352,24538,19198,11187,12239
5001800US1705,"Congressional District 5 (118th Congress), Illinois",41916,35461,36308,31971,49325,71156,67707,61681,48997,42306,42449,40577,44157,37178,28277,20646,14972,17735
5001800US1706,"Congressional District 6 (118th Congress), Illinois",40870,44716,43696,45183,35689,46708,48409,52487,48254,37294,48317,48150,51886,48965,36730,28261,15925,16223
5001800US1707,"Congressional District 7 (118th Congress), Illinois",46773,40349,46081,44011,50967,80407,81967,59792,50838,45183,40736,37683,34845,28394,30902,22441,9172,8376
5001800US1708,"Congressional District 8 (118th Congress), Illinois",37043,45330,51304,46346,47978,44455,48705,53417,53883,53098,52964,47261,51769,39332,30394,22441,12552,11551
5001800US1709,"Congressional District 9 (118th Congress), Illinois",32539,38557,40943,45803,43740,45280,49132,54000,50506,52755,45028,51292,43773,46032,36417,23193,15174,16815
5001800US1710,"Congressional District 10 (118th Congress), Illinois",39259,47709,49240,54750,49781,42519,41703,45652,49264,43927,50394,54181,50088,39171,33029,24184,16067,13098
5001800US1711,"Congressional District 11 (118th Congress), Illinois",42343,46530,53242,54796,48696,44310,43433,48842,57694,50740,52826,49597,50354,38164,33988,22515,15282,12873
5001800US1712,"Congressional District 12 (118th Congress), Illinois",38819,44680,48422,47803,45003,39851,44758,46747,49315,42407,47543,53490,50907,47834,38858,25144,19544,17168
5001800US1713,"Congressional District 13 (118th Congress), Illinois",42031,38037,44399,50048,72343,51350,50269,47843,41143,39705,39552,46072,47388,41660,35184,22588,14808,15418
5001800US1714,"Congressional District 14 (118th Congress), Illinois",40671,49652,54409,58162,59030,47741,52006,48234,52935,52177,52289,48278,39296,33097,26225,18352,14040,9878
5001800US1715,"Congressional District 15 (118th Congress), Illinois",36636,44330,47632,48548,43943,39216,41410,50519,45747,43786,46772,45005,55652,47208,40919,29822,19935,19427
5001800US1716,"Congressional District 16 (118th Congress), Illinois",37825,45537,53772,44094,43543,40014,40091,50845,46407,43928,46700,46648,53387,47967,38808,28987,18642,18079
5001800US1717,"Congressional District 17 (118th Congress), Illinois",40512,43915,44650,49633,62529,46520,48268,44856,41288,38609,44054,45132,48759,42311,39353,24780,16776,16410
5001800US1801,"Congressional District 1 (118th Congress), Indiana",42331,48067,46952,48185,48288,45343,46620,53293,45537,46945,48047,47302,53086,42716,37815,24772,17073,13166
5001800US1802,"Congressional District 2 (118th Congress), Indiana",46752,48882,51804,55895,53545,47144,47014,45961,46017,41460,46386,47489,43418,43294,35152,27063,15421,12067
5001800US1803,"Congressional District 3 (118th Congress), Indiana",49683,50184,56602,49657,51013,49461,50189,47456,43901,45295,44382,44170,49916,41395,36206,26322,13360,12918
5001800US1804,"Congressional District 4 (118th Congress), Indiana",42271,48053,49633,59428,66978,46101,49029,47112,50272,43432,48988,45558,48712,38243,34382,24897,13514,11915
5001800US1805,"Congressional District 5 (118th Congress), Indiana",42238,49212,51513,54598,54909,45014,50407,49190,51431,47267,50995,46970,50133,37272,37938,25561,14415,13720
5001800US1806,"Congressional District 6 (118th Congress), Indiana",46736,50108,51233,48861,43694,49782,54983,50246,50219,43460,42657,47228,50084,41257,35827,22222,15543,14585
5001800US1807,"Congressional District 7 (118th Congress), Indiana",49885,55722,44010,48828,56927,62754,61407,53647,45618,41739,44608,40974,42488,34519,26613,15732,9590,12516
5001800US1808,"Congressional District 8 (118th Congress), Indiana",41003,44569,48111,51933,51571,43599,46804,50321,42488,40714,46300,45798,54633,47239,38700,27577,15792,15092
5001800US1809,"Congressional District 9 (118th Congress), Indiana",38132,44601,45655,57436,62889,44073,47227,44621,48815,44389,48131,48557,52227,42896,37009,26809,15334,11977
5001800US1901,"Congressional District 1 (118th Congress), Iowa",43066,49548,49699,53700,63621,49529,50093,51175,50057,42777,46847,47541,54377,47388,37803,28515,16078,16628
5001800US1902,"Congressional District 2 (118th Congress), Iowa",43755,48614,51310,52136,56299,47762,47108,47913,48516,43371,45995,50039,53466,47836,41680,29269,20289,18063
5001800US1903,"Congressional District 3 (118th Congress), Iowa",49444,55361,55072,52695,50386,54062,57642,60044,54479,48916,48431,45354,51689,41887,35520,24349,15286,13453
5001800US1904,"Congressional District 4 (118th Congress), Iowa",43745,47197,51345,62598,61415,46611,48859,45492,47397,42897,41870,45804,54519,45975,43032,27340,18656,19832
5001800US2001,"Congressional District 1 (118th Congress), Kansas",43220,45922,45042,54519,70388,51119,44448,48496,40542,35407,34691,39377,44280,42978,30547,23358,16936,16233
5001800US2002,"Congressional District 2 (118th Congress), Kansas",45727,48590,50856,53773,51994,43821,44004,50413,42707,39352,40876,43875,47292,41326,33676,24449,15907,12146
5001800US2003,"Congressional District 3 (118th Congress), Kansas",42944,45471,51960,47143,44131,48537,50777,52385,52583,45713,45904,44357,46293,39098,33895,20950,14749,14939
5001800US2004,"Congressional District 4 (118th Congress), Kansas",44782,46357,55554,51773,52113,46820,47793,49793,45710,40513,41080,43515,46076,40575,34406,20434,14224,15516
5001800US2101,"Congressional District 1 (118th Congress), Kentucky",43690,46951,50593,52681,49155,46181,45896,43696,48479,42695,45901,45301,52702,47733,36603,27499,16278,15347
5001800US2102,"Congressional District 2 (118th Congress), Kentucky",45277,47510,47648,49573,50806,45356,48829,46873,48408,45538,50657,48071,52118,43671,34084,23768,14165,14025
5001800US2103,"Congressional District 3 (118th Congress), Kentucky",44950,44341,46292,43555,48745,53672,55814,49950,47006,41962,43734,42063,51507,42581,35050,23951,13346,14307
5001800US2104,"Congressional District 4 (118th Congress), Kentucky",42823,53063,46167,49988,44089,49039,50268,50656,49761,48019,51566,48785,51130,42188,36351,22837,14714,10648
5001800US2105,"Congressional District 5 (118th Congress), Kentucky",41471,43661,46167,46933,41994,44217,45815,40927,48905,46795,50159,51119,51959,47094,38677,26076,14940,12240
5001800US2106,"Congressional District 6 (118th Congress), Kentucky",42222,45569,47186,51144,66567,52365,49707,47590,47072,45210,45357,44213,47343,41779,31995,25095,13291,10780
5001800US2201,"Congressional District 1 (118th Congress), Louisiana",43673,50746,50094,47477,43241,46633,50408,58414,49136,43295,46628,46894,55312,47779,39715,27691,15165,13465
5001800US2202,"Congressional District 2 (118th Congress), Louisiana",41081,37189,47334,49173,46622,44568,54147,54013,46796,45818,44627,45791,48718,42263,32440,23295,12919,10483
5001800US2203,"Congressional District 3 (118th Congress), Louisiana",48641,49880,55937,48964,46508,46690,51917,49927,51921,44077,45150,41589,56281,43297,32429,19879,15601,12257
5001800US2204,"Congressional District 4 (118th Congress), Louisiana",46583,49595,52852,51771,51397,44480,48667,50489,47036,41507,46470,45098,50778,43014,36716,26595,15021,13392
5001800US2205,"Congressional District 5 (118th Congress), Louisiana",44812,47334,53850,55500,55725,42840,52888,53146,47154,41326,44979,42614,51675,43835,35377,26645,17258,10897
5001800US2206,"Congressional District 6 (118th Congress), Louisiana",46147,52808,53179,53772,72235,53595,55233,55178,48090,39167,50109,40719,54072,40212,34928,22626,14231,10636
5001800US2301,"Congressional District 1 (118th Congress), Maine",31444,34030,35985,36914,39205,41836,46224,46883,42288,39372,46184,48501,55075,50199,40057,29620,17952,15929
5001800US2302,"Congressional District 2 (118th Congress), Maine",29574,35428,34115,37956,40548,37618,40198,41702,39126,39300,44408,53080,55453,52119,43293,28440,18174,17110
5001800US2401,"Congressional District 1 (118th Congress), Maryland",41225,46350,48883,46196,46751,43726,45002,49633,50631,44164,50201,57870,56183,52659,38633,30166,18125,15297
5001800US2402,"Congressional District 2 (118th Congress), Maryland",38487,44162,46792,54238,51718,44121,50241,49855,49829,47686,52092,47971,53515,42513,37590,24897,19171,17275
5001800US2403,"Congressional District 3 (118th Congress), Maryland",43291,46378,54563,47381,44799,45374,52303,52739,61662,50328,51217,48621,53430,40041,32266,25978,15155,12085
5001800US2404,"Congressional District 4 (118th Congress), Maryland",45558,48659,44556,49605,50862,53605,53764,49782,53762,46205,49241,47717,48113,36621,31037,18858,11252,11603
5001800US2405,"Congressional District 5 (118th Congress), Maryland",47837,46961,51964,50989,45828,48608,57933,56901,47517,44989,57005,58596,55143,44252,27911,23032,11024,13482
5001800US2406,"Congressional District 6 (118th Congress), Maryland",45186,47031,51989,49947,50194,44813,52293,58171,58214,48172,52274,55365,50428,42637,31721,23488,16923,13731
5001800US2407,"Congressional District 7 (118th Congress), Maryland",46495,43353,42670,45069,47689,60802,66812,55499,46723,34359,39797,41545,52299,39602,32668,23351,12264,13507
5001800US2408,"Congressional District 8 (118th Congress), Maryland",41114,50181,45633,45899,41961,41999,43556,51939,47355,50771,54425,50779,47772,42798,35218,26135,18074,19739
5001800US2501,"Congressional District 1 (118th Congress), Massachusetts",36407,40310,42921,49743,55444,46008,48863,47842,46231,44251,49470,53644,57369,49178,38756,29513,17387,18695
5001800US2502,"Congressional District 2 (118th Congress), Massachusetts",39929,38082,47536,57798,65418,48683,48741,48798,48184,46494,51850,50473,53966,47618,36821,23454,15208,16023
5001800US2503,"Congressional District 3 (118th Congress), Massachusetts",43718,41908,48942,52772,52537,49096,53586,52817,50275,47715,51416,56756,56822,42340,32172,19299,15096,13753
5001800US2504,"Congressional District 4 (118th Congress), Massachusetts",40404,47996,48707,51427,49309,44979,52002,52707,53329,45161,56059,56407,53059,44867,31768,25507,14370,14064
5001800US2505,"Congressional District 5 (118th Congress), Massachusetts",34367,43028,40776,48240,50018,58510,63194,55753,53712,47112,51149,51023,45447,40365,33686,25722,17734,16458
5001800US2506,"Congressional District 6 (118th Congress), Massachusetts",41032,41363,44351,46766,43026,40030,44929,49974,53726,44811,49160,55742,61302,51045,38708,30919,16246,18683
5001800US2507,"Congressional District 7 (118th Congress), Massachusetts",36459,31651,32915,56688,83033,86302,77982,57442,45216,37648,42111,36888,37112,30707,24624,15692,10640,11003
5001800US2508,"Congressional District 8 (118th Congress), Massachusetts",37888,38448,39119,44785,47706,63409,60097,53005,49790,47913,48051,52684,52745,43788,33374,24817,18476,17773
5001800US2509,"Congressional District 9 (118th Congress), Massachusetts",32048,37054,41429,46011,45081,41556,40654,45577,42913,42745,54913,60955,60949,56805,55159,39876,21791,20120
5001800US2601,"Congressional District 1 (118th Congress), Michigan",32836,35133,42128,41891,46992,42183,42234,44010,44022,39266,47505,53992,69086,65383,56090,38294,21635,20063
5001800US2602,"Congressional District 2 (118th Congress), Michigan",38368,46314,48405,52874,54277,43918,47078,44133,45727,43138,50582,52214,60676,52688,40863,29066,17556,13159
5001800US2603,"Congressional District 3 (118th Congress), Michigan",47203,45772,49592,53564,60021,62666,60545,56488,48109,42090,41974,47265,44716,41993,31518,20866,14187,12857
5001800US2604,"Congressional District 4 (118th Congress), Michigan",44314,53473,49087,54499,61796,47330,50796,49145,46471,42326,45020,49111,46819,45798,35741,24112,16712,15940
5001800US2605,"Congressional District 5 (118th Congress), Michigan",40030,43772,47720,49084,46742,42809,46283,48117,45487,43308,49480,51064,59750,48968,43403,27627,19459,14979
5001800US2606,"Congressional District 6 (118th Congress), Michigan",40970,39744,43590,55870,67317,51282,49387,44903,47142,46948,50641,46694,49764,37360,38079,23686,15931,15905
5001800US2607,"Congressional District 7 (118th Congress), Michigan",40416,43815,46051,56609,66934,48740,48996,50022,44626,42354,51350,46071,57101,46346,37639,24630,13330,14843
5001800US2608,"Congressional District 8 (118th Congress), Michigan",42268,42642,48153,47320,47663,48958,49115,44067,46761,42750,49265,50575,56096,48904,40575,28246,17286,17522
5001800US2609,"Congressional District 9 (118th Congress), Michigan",37878,42928,50565,48736,43184,41156,41504,42855,51521,44719,58931,58485,62105,52855,41007,28360,15315,15197
5001800US2610,"Congressional District 10 (118th Congress), Michigan",40570,40315,44700,43257,47621,53178,55385,47126,45852,45143,50239,50333,57451,48173,36154,25066,16740,17485
5001800US2611,"Congressional District 11 (118th Congress), Michigan",37203,38253,43427,43022,46447,58393,59029,50365,51991,46092,48144,51037,54835,44911,37745,24861,18391,15719
5001800US2612,"Congressional District 12 (118th Congress), Michigan",49290,48656,49450,50515,46907,54853,59483,44507,43504,42141,48586,46847,47727,43164,32580,20037,16327,15098
5001800US2613,"Congressional District 13 (118th Congress), Michigan",45459,50934,52312,46218,52070,53195,56877,45435,46822,42361,47290,45538,49814,42475,33148,21406,13574,12535
5001800US2701,"Congressional District 1 (118th Congress), Minnesota",40874,43048,45419,49266,51391,42442,43534,47796,46401,37407,38224,40338,51333,41507,34811,24912,16578,18845
5001800US2702,"Congressional District 2 (118th Congress), Minnesota",43168,50855,47861,50442,43129,43220,45594,52931,51328,43364,46781,50065,44994,37178,29016,20510,11256,12883
5001800US2703,"Congressional District 3 (118th Congress), Minnesota",40912,43247,48792,39728,30914,41053,41952,48901,51625,40553,47908,47385,48054,41431,32266,24399,16068,15566
5001800US2704,"Congressional District 4 (118th Congress), Minnesota",42020,47962,46086,44758,45182,49753,53103,49490,48982,36315,40384,37153,47461,35574,29777,21091,11283,14181
5001800US2705,"Congressional District 5 (118th Congress), Minnesota",39672,37578,39249,45648,57566,68292,69050,57291,47158,38048,36178,36056,39929,31328,27115,14179,10146,12184
5001800US2706,"Congressional District 6 (118th Congress), Minnesota",45552,53152,49935,51719,48718,41469,47499,54654,49672,44817,46800,45795,48866,34347,28661,21375,10147,8355
5001800US2707,"Congressional District 7 (118th Congress), Minnesota",39642,46571,47144,44918,42306,38173,37996,41750,45320,37469,40541,43242,56572,46492,39410,28365,19460,18477
5001800US2708,"Congressional District 8 (118th Congress), Minnesota",36255,41476,44275,47237,44952,38639,41252,45588,42527,37991,43565,48671,56824,50755,42736,28527,17449,16407
5001800US2801,"Congressional District 1 (118th Congress), Mississippi",43466,44000,52946,59211,51266,43893,50559,48714,47859,44466,45604,42632,49145,40863,33674,23570,14800,12248
5001800US2802,"Congressional District 2 (118th Congress), Mississippi",40803,44726,48052,52967,49868,37433,41351,42398,43540,41109,43009,41754,48648,43065,35648,22577,16215,11591
5001800US2803,"Congressional District 3 (118th Congress), Mississippi",41921,42304,52451,52094,53899,42756,45350,45231,51963,44883,44463,42328,46928,42242,35265,23436,14916,13543
5001800US2804,"Congressional District 4 (118th Congress), Mississippi",43113,45486,52415,51612,54135,44340,45834,49127,51064,43884,45800,40063,54010,43572,35355,23609,14785,12210
5001800US2901,"Congressional District 1 (118th Congress), Missouri",42092,38256,47647,47287,49835,59327,60300,51810,49062,38845,42091,43774,48419,39268,34767,20746,14284,14291
5001800US2902,"Congressional District 2 (118th Congress), Missouri",43134,47811,49814,47525,40087,42748,46770,52956,49218,48954,49120,52044,54272,49512,38359,33084,16785,16432
5001800US2903,"Congressional District 3 (118th Congress), Missouri",39760,47475,42608,50835,60666,48624,48467,50977,49653,42528,45441,49962,54884,46134,39351,26270,16758,13282
5001800US2904,"Congressional District 4 (118th Congress), Missouri",46526,50431,50520,60142,51440,49139,47304,50474,44558,40188,45582,47851,54901,47557,34530,27587,18387,13067
5001800US2905,"Congressional District 5 (118th Congress), Missouri",46246,50317,47596,44992,48730,62351,62321,52923,50868,42182,44579,41911,51830,40289,35254,20512,15389,15337
5001800US2906,"Congressional District 6 (118th Congress), Missouri",44643,45580,53101,53816,50265,44773,48669,49819,49001,44056,46869,45379,54393,43314,35538,28163,17147,14126
5001800US2907,"Congressional District 7 (118th Congress), Missouri",44432,49234,51538,51588,60315,51164,48362,51111,46530,43723,46472,43212,54357,44673,38068,25050,17996,17844
5001800US2908,"Congressional District 8 (118th Congress), Missouri",42815,46552,51585,54193,50518,40754,47890,47232,48357,45096,48360,51334,56753,46462,38348,28466,15815,14894
5001800US3001,"Congressional District 1 (118th Congress), Montana",26617,28090,35211,36450,44515,37854,37651,39205,35218,32981,30795,33314,37653,36325,34000,20757,13013,9682
5001800US3002,"Congressional District 2 (118th Congress), Montana",30407,34463,37749,33244,30683,34642,35831,36537,35443,28667,30871,31678,40962,37614,30237,21539,12132,10837
5001800US3101,"Congressional District 1 (118th Congress), Nebraska",39394,42687,44233,50222,57703,44101,41673,45970,41031,36099,34650,35778,40927,33448,29285,17956,12114,12632
5001800US3102,"Congressional District 2 (118th Congress), Nebraska",44467,45880,49495,44977,42224,45289,47655,50490,44652,38092,38535,33607,39928,30467,26596,16531,10919,8312
5001800US3103,"Congressional District 3 (118th Congress), Nebraska",37246,42355,44134,47315,35497,37426,34839,40696,41069,33381,35046,36787,47476,39470,37411,26357,16721,16678
5001800US3201,"Congressional District 1 (118th Congress), Nevada",40402,49884,47755,46502,46590,55595,55539,52923,50026,47793,52495,49554,44043,41122,35069,27199,14862,10538
5001800US3202,"Congressional District 2 (118th Congress), Nevada",39537,46480,47558,48304,47582,53187,58038,52883,51343,43945,47509,48516,54770,50531,42096,30023,16742,12354
5001800US3203,"Congressional District 3 (118th Congress), Nevada",41983,42472,46587,46540,46526,52568,63892,61113,59629,52579,53001,50212,47583,40458,36872,27044,16252,11493
5001800US3204,"Congressional District 4 (118th Congress), Nevada",50653,53687,58360,52380,54138,56684,60919,55863,57014,48740,51191,50320,45894,42739,35872,25428,13424,8373
5001800US3301,"Congressional District 1 (118th Congress), New Hampshire",32030,33134,36549,42189,46893,44250,48334,43869,42367,37464,49113,52931,57254,44232,38158,25396,14825,14935
5001800US3302,"Congressional District 2 (118th Congress), New Hampshire",30636,35027,34341,43396,36256,42627,46792,45355,40458,39618,45450,51046,55869,48112,39680,25820,16081,14744
5001800US3401,"Congressional District 1 (118th Congress), New Jersey",42250,43422,47028,48909,49470,52617,54066,52422,49244,45073,48736,45845,56614,44888,33137,24061,14903,14021
5001800US3402,"Congressional District 2 (118th Congress), New Jersey",39471,44616,52432,47531,43255,42044,46459,50028,50226,45567,51946,50260,61922,51132,44608,32517,19421,17729
5001800US3403,"Congressional District 3 (118th Congress), New Jersey",36718,44029,47115,45623,48148,43195,43973,48889,50774,47596,54303,57875,57080,46483,38487,26141,18714,18185
5001800US3404,"Congressional District 4 (118th Congress), New Jersey",54687,52511,50415,47068,43184,45932,43924,42937,39972,37298,45204,52294,61313,48928,43914,33940,21020,22399
5001800US3405,"Congressional District 5 (118th Congress), New Jersey",40591,44310,47894,48024,43872,37487,42412,49169,55570,50032,55060,57439,56408,46278,34023,29195,19023,17411
5001800US3406,"Congressional District 6 (118th Congress), New Jersey",44577,46305,45655,57066,57326,53712,55777,54402,50465,51486,51390,47373,48960,41933,30653,20661,12698,13653
5001800US3407,"Congressional District 7 (118th Congress), New Jersey",35766,42042,51816,47329,40658,36934,42866,47677,52008,52681,58010,61465,60510,42115,39595,30592,16853,16483
5001800US3408,"Congressional District 8 (118th Congress), New Jersey",50996,41951,45248,42139,46119,69180,81419,68918,58470,48639,44210,42071,35249,33110,21045,16978,9614,10640
5001800US3409,"Congressional District 9 (118th Congress), New Jersey",42551,44103,48405,43588,51739,53907,52780,50879,48722,44603,51014,49229,47980,42613,27819,24572,14211,12509
5001800US3410,"Congressional District 10 (118th Congress), New Jersey",41729,40902,50027,48919,51717,54480,55166,51509,48240,46925,52201,52629,42790,35373,30018,18969,13867,10780
5001800US3411,"Congressional District 11 (118th Congress), New Jersey",42465,43550,50724,49291,45994,41162,46986,52778,54871,52710,54289,55747,52125,40448,34770,27251,17238,16793
5001800US3412,"Congressional District 12 (118th Congress), New Jersey",41532,45867,49234,51474,48099,44429,42914,49031,56519,51656,54827,52782,51540,38611,34616,26031,12720,15336
5001800US3501,"Congressional District 1 (118th Congress), New Mexico",35214,38617,42831,42718,45675,45285,51159,49113,47186,37664,42374,43420,50422,47236,38160,27215,15435,13803
5001800US3502,"Congressional District 2 (118th Congress), New Mexico",34792,43266,47995,53298,56380,47436,49424,42009,45470,39845,37563,39301,39095,38559,32964,21684,15260,12423
5001800US3503,"Congressional District 3 (118th Congress), New Mexico",34988,41469,50358,48701,43913,40164,40846,46361,45255,37710,43117,41342,46784,43837,41225,29659,16127,11197
5001800US3601,"Congressional District 1 (118th Congress), New York",38337,39065,44980,51435,53143,39874,42184,41594,46286,45814,54935,60114,59438,47682,40330,31626,19741,18580
5001800US3602,"Congressional District 2 (118th Congress), New York",41226,42829,48016,48098,49812,55880,51448,51388,45836,47896,56023,60754,51400,40830,31017,25005,14143,13480
5001800US3603,"Congressional District 3 (118th Congress), New York",37345,38353,46849,45575,44538,43530,40697,41297,48020,48190,54401,59110,57995,49707,44016,31382,19618,20585
5001800US3604,"Congressional District 4 (118th Congress), New York",39250,45795,51862,48558,47204,45598,50393,52521,48274,48294,47574,50399,55105,44661,35436,23160,17145,20683
5001800US3605,"Congressional District 5 (118th Congress), New York",43419,40965,44905,45171,46492,50858,47628,45025,46527,44864,57031,55404,54393,43469,30971,21572,15915,17388
5001800US3606,"Congressional District 6 (118th Congress), New York",41429,42061,39752,35284,35605,45183,58679,50984,53607,48222,47725,51707,52646,45896,37991,26172,20734,18900
5001800US3607,"Congressional District 7 (118th Congress), New York",43994,35114,33872,32528,49418,84731,83544,62657,51774,35504,38491,35874,33010,26007,20889,14100,9409,9014
5001800US3608,"Congressional District 8 (118th Congress), New York",44166,42846,50542,40553,45984,56037,59773,54847,44185,43069,44514,47313,47466,39930,32723,23710,18731,17685
5001800US3609,"Congressional District 9 (118th Congress), New York",53384,46921,48814,43154,40915,56680,67147,50817,47037,45934,40998,42538,46724,40486,34414,22541,13509,14494
5001800US3610,"Congressional District 10 (118th Congress), New York",39350,34102,33517,37826,51475,63219,67208,60138,50240,43598,44422,40912,31335,31694,28440,20742,14655,13278
5001800US3611,"Congressional District 11 (118th Congress), New York",37914,44641,46407,43553,45362,46242,47757,49000,47916,47258,50702,50119,48624,38383,39188,24853,17988,14118
5001800US3612,"Congressional District 12 (118th Congress), New York",30892,20325,22830,21900,37358,78596,76487,60424,46279,41752,44086,44312,39501,36202,35683,30463,19330,18588
5001800US3613,"Congressional District 13 (118th Congress), New York",40013,37931,51426,44762,55721,62327,68606,60739,49209,46663,45552,48042,40617,39082,29631,22406,15282,12607
5001800US3614,"Congressional District 14 (118th Congress), New York",44706,41883,47662,39976,50609,54559,62188,50635,46466,45374,46320,43293,43355,34092,28830,19403,15939,15102
5001800US3615,"Congressional District 15 (118th Congress), New York",43624,47751,52283,52318,50839,56233,56622,41681,50779,43291,46495,45780,40954,34991,23550,16937,13738,9833
5001800US3616,"Congressional District 16 (118th Congress), New York",40357,44378,46570,50726,46205,43641,47001,47377,52943,47649,53221,50944,50992,40744,32581,23734,17287,20361
5001800US3617,"Congressional District 17 (118th Congress), New York",48136,50101,52996,52613,50526,41850,41099,46620,47397,45834,51480,50490,54802,40800,34710,23231,17168,21611
5001800US3618,"Congressional District 18 (118th Congress), New York",43718,44175,49841,56051,59565,44805,49766,50545,47983,46807,49661,51918,53854,44431,35559,26099,15029,16625
5001800US3619,"Congressional District 19 (118th Congress), New York",32428,32908,41694,59265,64209,48103,42384,43917,43029,39803,47971,50511,58665,49501,44496,32018,18926,18772
5001800US3620,"Congressional District 20 (118th Congress), New York",35889,41004,42696,54322,65123,49741,51175,47647,48925,44996,49831,52230,51887,45522,38598,28967,16523,16470
5001800US3621,"Congressional District 21 (118th Congress), New York",39945,40478,42687,47425,54904,46161,46195,48345,44242,42044,49131,52739,61253,51025,42974,30395,17364,19054
5001800US3622,"Congressional District 22 (118th Congress), New York",40732,41593,48308,53513,53327,44794,48784,46900,44965,40031,47372,51461,54612,45794,40166,27665,16990,17836
5001800US3623,"Congressional District 23 (118th Congress), New York",39150,46734,42244,46435,42739,42344,45170,45198,46161,41295,49194,52644,63482,55567,42744,30681,19548,19027
5001800US3624,"Congressional District 24 (118th Congress), New York",38113,42733,44432,46424,50899,44634,48285,47755,47489,40725,49463,54249,60210,51790,42147,31843,15957,17025
5001800US3625,"Congressional District 25 (118th Congress), New York",38944,40043,46744,52603,51212,50231,54645,52854,43040,40077,47505,52509,51426,46117,37948,27034,17054,18183
5001800US3626,"Congressional District 26 (118th Congress), New York",38994,45304,39756,48677,55808,53517,58017,51234,46046,39844,46881,50309,53373,46229,36615,25078,18588,15890
5001800US3701,"Congressional District 1 (118th Congress), North Carolina",38424,43463,48205,49273,55689,45328,47698,41722,47521,39628,47351,47813,52760,49670,40740,27735,16460,14056
5001800US3702,"Congressional District 2 (118th Congress), North Carolina",43997,49757,45954,53319,56724,54950,61729,63910,55410,53934,51809,46619,41949,30336,26256,20877,11592,9984
5001800US3703,"Congressional District 3 (118th Congress), North Carolina",46065,46844,45952,48176,65209,51128,47621,50482,40288,38321,42492,43559,50447,46541,38183,28263,14947,12330
5001800US3704,"Congressional District 4 (118th Congress), North Carolina",37783,36358,49336,57128,62318,53165,55776,53878,45389,47188,46113,44768,47737,43394,31687,21656,15660,11705
5001800US3705,"Congressional District 5 (118th Congress), North Carolina",38908,38343,47502,54086,53715,43519,44039,43104,42959,45564,48293,48765,53643,47957,41312,28137,17114,17552
5001800US3706,"Congressional District 6 (118th Congress), North Carolina",39073,42810,48202,59251,55476,47314,47045,45585,45630,43914,50620,47159,51361,43070,32896,26287,14154,12005
5001800US3707,"Congressional District 7 (118th Congress), North Carolina",39058,42104,49157,47070,51792,44760,45738,50347,45027,44783,47299,47949,56108,52338,48553,32600,17011,12880
5001800US3708,"Congressional District 8 (118th Congress), North Carolina",40833,44059,54948,52549,46381,43416,46692,47018,46775,50395,56333,51597,50100,40134,37063,26405,13744,12257
5001800US3709,"Congressional District 9 (118th Congress), North Carolina",51122,48191,51824,46770,55723,53756,58540,53182,42935,38060,46039,42337,48359,41409,34998,27414,16493,12106
5001800US3710,"Congressional District 10 (118th Congress), North Carolina",38683,48359,44170,44058,47253,44459,48323,42931,47954,50406,56063,54016,53800,47491,39708,30693,17206,13241
5001800US3711,"Congressional District 11 (118th Congress), North Carolina",32048,35367,41084,40685,42823,41100,45461,44678,48519,42899,46682,49513,57029,56413,52004,37536,22687,19523
5001800US3712,"Congressional District 12 (118th Congress), North Carolina",46528,52253,52007,54327,51023,54846,63502,60164,50502,50527,51218,46556,42028,32319,26191,18220,10330,7835
5001800US3713,"Congressional District 13 (118th Congress), North Carolina",43270,50699,54234,52042,44014,50666,50871,52375,56696,54357,55216,48994,48236,38849,35220,20213,11346,8887
5001800US3714,"Congressional District 14 (118th Congress), North Carolina",48700,42659,45743,45312,50591,66268,62719,57579,54124,49227,51163,44368,44929,33519,27517,20999,10983,9723
5001800US3800,"Congressional District (at Large) (118th Congress), North Dakota",47844,52217,51533,55008,57873,57527,55198,54290,52196,37484,38252,42226,47320,44045,31761,23173,14123,17191
5001800US3901,"Congressional District 1 (118th Congress), Ohio",43320,47847,53733,57375,55368,54950,56257,56405,50367,46428,47516,44037,53085,41404,33765,23336,11607,14001
5001800US3902,"Congressional District 2 (118th Congress), Ohio",44678,48410,49230,49386,46129,46068,47235,49976,52365,47119,50832,51553,57456,50093,37552,28033,18049,12325
5001800US3903,"Congressional District 3 (118th Congress), Ohio",45885,49277,52188,56243,63019,66019,67152,55637,57321,42774,44061,40141,41003,30850,31001,19413,11856,11996
5001800US3904,"Congressional District 4 (118th Congress), Ohio",44596,45159,57184,55094,49858,45454,48344,47067,55547,49431,53731,51906,52375,49216,36033,28617,16916,12822
5001800US3905,"Congressional District 5 (118th Congress), Ohio",44323,48480,48048,54039,55263,44391,46008,43158,50386,46186,49358,49109,55050,49336,39953,26967,17705,17784
5001800US3906,"Congressional District 6 (118th Congress), Ohio",39695,42087,45607,47862,46077,45685,46462,43904,45698,42281,49273,51824,59965,55553,48384,28131,21000,19388
5001800US3907,"Congressional District 7 (118th Congress), Ohio",39138,43844,47968,48708,40370,42200,46580,49838,49420,46181,49981,49383,59775,51479,41479,28142,20848,18791
5001800US3908,"Congressional District 8 (118th Congress), Ohio",49382,51360,50246,49855,51347,47708,52213,48882,45970,41170,48285,48650,54387,45433,38056,27125,16372,15237
5001800US3909,"Congressional District 9 (118th Congress), Ohio",43288,41674,54004,50293,46412,49014,50940,45405,48606,43172,50297,46998,58306,53210,38159,26639,18621,15033
5001800US3910,"Congressional District 10 (118th Congress), Ohio",45294,48780,44835,50748,54572,51535,53766,47237,48376,39938,47065,51019,50346,44367,41288,28685,17908,16276
5001800US3911,"Congressional District 11 (118th Congress), Ohio",43434,42262,45282,42792,55467,60859,61248,47329,44345,38188,46152,48333,52041,44178,39108,24119,16845,17187
5001800US3912,"Congressional District 12 (118th Congress), Ohio",45208,47048,54521,56600,55664,44214,45857,47728,52818,46453,51804,54293,49889,46496,38216,24979,17015,14235
5001800US3913,"Congressional District 13 (118th Congress), Ohio",41200,46641,46217,44839,47964,48850,51511,49146,45576,44315,50693,50869,53973,48138,43102,29459,18003,18372
5001800US3914,"Congressional District 14 (118th Congress), Ohio",38541,38539,49122,50155,54659,44648,46241,41515,47736,43504,50951,52302,60486,52069,45567,28353,19716,20257
5001800US3915,"Congressional District 15 (118th Congress), Ohio",53214,50078,49685,43948,44471,61707,65955,54354,53316,46568,48732,49750,47022,40119,33482,20713,12069,10634
5001800US4001,"Congressional District 1 (118th Congress), Oklahoma",50494,53327,58077,55727,54891,54717,57778,55626,53086,46684,46869,44153,49196,41488,35253,24904,14135,11553
5001800US4002,"Congressional District 2 (118th Congress), Oklahoma",45826,51038,55589,52583,51381,47851,49119,51068,46160,45706,48512,47188,56136,45448,41375,32378,19865,14888
5001800US4003,"Congressional District 3 (118th Congress), Oklahoma",52858,56242,57824,60458,61637,49412,54866,54686,52847,42980,42917,41388,46244,40741,30226,24684,14527,11932
5001800US4004,"Congressional District 4 (118th Congress), Oklahoma",44521,47372,56361,61768,68736,53671,54108,54917,51346,45385,43985,45272,50336,41125,35475,23475,15152,12326
5001800US4005,"Congressional District 5 (118th Congress), Oklahoma",46474,54630,54825,53101,52919,56472,56963,56292,56494,47000,46812,45203,49700,44593,34446,26297,12912,12798
5001800US4101,"Congressional District 1 (118th Congress), Oregon",33948,35085,39962,38399,43640,60144,66750,58159,51300,45342,46600,41043,40310,36682,32071,23410,11001,10752
5001800US4102,"Congressional District 2 (118th Congress), Oregon",33857,39512,45097,41498,35048,40880,42487,44967,43663,36852,40260,43071,50196,52796,44851,29893,18455,17391
5001800US4103,"Congressional District 3 (118th Congress), Oregon",31830,36931,39875,39673,36731,49408,58698,58308,57146,50007,45076,37003,41861,33730,31569,16457,12188,10787
5001800US4104,"Congressional District 4 (118th Congress), Oregon",28713,34596,35071,47727,61479,43918,45184,38959,45422,38462,39492,37684,51934,49280,49285,32767,18483,16994
5001800US4105,"Congressional District 5 (118th Congress), Oregon",36644,42561,42148,40763,37023,43100,48915,50260,48727,46678,45429,46575,46919,45719,38753,31109,13499,14427
5001800US4106,"Congressional District 6 (118th Congress), Oregon",34592,40594,47987,49687,45536,46515,50348,47529,49409,45439,44947,37323,38517,38482,34727,24001,14402,12753
5001800US4201,"Congressional District 1 (118th Congress), Pennsylvania",33949,41990,44583,44729,44663,40027,43281,48312,46055,44315,52801,57697,60946,48178,43518,31083,16075,18055
5001800US4202,"Congressional District 2 (118th Congress), Pennsylvania",47869,45192,43137,49681,40672,51574,60578,50087,49386,42179,40139,42603,44547,34619,31761,19747,14300,9700
5001800US4203,"Congressional District 3 (118th Congress), Pennsylvania",40093,41628,45430,45938,66142,80794,84896,60323,43964,33562,39832,38628,40218,37131,27731,21300,12489,12029
5001800US4204,"Congressional District 4 (118th Congress), Pennsylvania",41593,42056,48617,48708,44895,43048,47243,51186,51010,45900,52183,53937,55698,50759,36960,27118,19842,19766
5001800US4205,"Congressional District 5 (118th Congress), Pennsylvania",43006,41959,50948,58577,52673,46438,53712,52134,50074,44314,47594,54234,45676,40713,33251,23943,12304,16513
5001800US4206,"Congressional District 6 (118th Congress), Pennsylvania",41669,45912,52008,53390,48775,45990,46039,52589,49095,47634,50714,49345,53236,41511,35899,24362,16674,16454
5001800US4207,"Congressional District 7 (118th Congress), Pennsylvania",40462,40099,50754,51607,51857,44599,50220,49608,50540,42262,49406,52724,53205,48622,35470,27325,16881,18699
5001800US4208,"Congressional District 8 (118th Congress), Pennsylvania",36713,41089,43471,48797,46697,44876,46958,45499,45661,45687,50403,54632,58330,52452,40000,29077,16354,19890
5001800US4209,"Congressional District 9 (118th Congress), Pennsylvania",37731,43702,43771,47313,43867,43271,46593,43312,48095,42025,50225,53229,55558,50541,40684,31812,20040,19191
5001800US4210,"Congressional District 10 (118th Congress), Pennsylvania",44639,49528,46013,50312,47905,49123,51890,55372,45629,47247,49510,46214,54453,45523,36742,25989,15823,17653
5001800US4211,"Congressional District 11 (118th Congress), Pennsylvania",43569,46258,49627,49418,47278,46785,50091,46427,47009,39601,45138,48635,53183,47508,37757,28810,20325,20931
5001800US4212,"Congressional District 12 (118th Congress), Pennsylvania",37657,36124,35035,47084,55557,59001,63246,48644,46921,35988,43781,43058,52874,48147,38792,29992,17410,19488
5001800US4213,"Congressional District 13 (118th Congress), Pennsylvania",39214,41230,44071,49775,48659,40008,47082,42251,42837,44004,49912,51691,56728,52501,44148,33086,18347,19148
5001800US4214,"Congressional District 14 (118th Congress), Pennsylvania",32897,39071,40848,44451,47473,40117,42796,45030,43859,43270,49111,49727,63491,56176,45978,31913,20392,19113
5001800US4215,"Congressional District 15 (118th Congress), Pennsylvania",33709,38431,38968,58352,60067,42548,44657,41971,42360,41071,48889,49715,57798,51514,41429,30500,18218,19011
5001800US4216,"Congressional District 16 (118th Congress), Pennsylvania",37137,42448,42416,50663,48453,43065,46051,46048,43027,41082,49388,52742,56118,56047,39170,30486,20043,17046
5001800US4217,"Congressional District 17 (118th Congress), Pennsylvania",36827,42605,41980,42556,33547,42655,48069,52135,47122,43310,48986,48359,61105,51856,44735,30237,18787,17460
5001800US4401,"Congressional District 1 (118th Congress), Rhode Island",26622,27785,29107,35111,37145,35945,41200,39328,30650,30739,33632,36358,37971,32507,26108,18646,11509,12826
5001800US4402,"Congressional District 2 (118th Congress), Rhode Island",25333,26174,30657,38629,38980,36530,37304,32777,35167,29499,35325,37170,42479,34546,27234,19917,12157,10667
5001800US4501,"Congressional District 1 (118th Congress), South Carolina",40409,43831,46428,45974,50620,40814,47207,51361,49366,42097,44493,49817,53720,49928,42218,28772,20459,15199
5001800US4502,"Congressional District 2 (118th Congress), South Carolina",41064,47888,49147,46803,48172,47472,48127,46942,50937,45950,49389,42683,53295,44304,34050,25127,15918,13372
5001800US4503,"Congressional District 3 (118th Congress), South Carolina",35823,44315,50652,56461,48827,41414,46152,41921,45976,41933,49321,48828,53336,44115,42065,29292,17381,14829
5001800US4504,"Congressional District 4 (118th Congress), South Carolina",43338,46687,46609,48283,52187,51296,55564,49948,46941,45779,47808,45856,46944,43989,32382,23007,15706,12158
5001800US4505,"Congressional District 5 (118th Congress), South Carolina",43160,49364,49206,49636,42264,42508,49336,48065,57004,43271,50903,47502,50264,44353,37174,27298,14128,13113
5001800US4506,"Congressional District 6 (118th Congress), South Carolina",40812,35875,42470,53991,64949,56234,55070,47398,45524,39118,41616,40635,49780,40646,39380,23283,12937,11392
5001800US4507,"Congressional District 7 (118th Congress), South Carolina",36820,41641,42645,46497,44864,38734,43734,42146,44391,42080,46587,51651,60066,57409,56005,36224,18782,12223
5001800US4600,"Congressional District (at Large) (118th Congress), South Dakota",57246,59977,63989,62422,60455,55932,55220,55698,60333,49990,47030,51885,63738,56436,45126,27643,17433,19271
5001800US4701,"Congressional District 1 (118th Congress), Tennessee",36727,44010,40398,48694,48046,46186,47748,43778,45835,46968,55564,54026,58760,50313,45055,33040,21375,14605
5001800US4702,"Congressional District 2 (118th Congress), Tennessee",41419,40865,45902,50641,60590,50916,51291,50453,47093,46129,50941,50837,54439,45962,42086,30845,16758,13195
5001800US4703,"Congressional District 3 (118th Congress), Tennessee",41982,44649,47770,48531,47554,50118,54653,50454,45627,47210,53133,52370,54353,48639,37689,29255,17705,16536
5001800US4704,"Congressional District 4 (118th Congress), Tennessee",47270,46519,54879,55953,59318,49384,53149,54783,51445,48455,51057,49216,50490,45319,31920,21490,15149,11195
5001800US4705,"Congressional District 5 (118th Congress), Tennessee",47883,52094,50566,42975,46771,50546,57148,56669,59320,49879,50957,50613,46798,38490,35868,22940,12995,12183
5001800US4706,"Congressional District 6 (118th Congress), Tennessee",46513,45777,46513,45045,47647,52794,62040,50533,50080,45178,49439,51512,51318,45962,37643,27759,14774,12598
5001800US4707,"Congressional District 7 (118th Congress), Tennessee",45772,46265,52362,55037,60195,70578,63748,60369,47780,48365,46926,45727,47620,39662,28800,19692,12019,10813
5001800US4708,"Congressional District 8 (118th Congress), Tennessee",42668,50649,48437,53366,46345,36602,44704,45861,55511,44260,48022,50594,51016,46691,41878,30861,16056,14584
5001800US4709,"Congressional District 9 (118th Congress), Tennessee",51981,51294,52986,46706,55665,64156,58427,46080,47344,41056,44190,44670,44855,38517,29049,18093,11133,10773
5001800US4801,"Congressional District 1 (118th Congress), Texas",44327,54381,54416,56627,42714,46376,50534,48648,49335,43701,47777,43201,52445,48506,35074,24447,17830,15653
5001800US4802,"Congressional District 2 (118th Congress), Texas",48563,63567,63504,59774,50781,53945,52910,57566,64055,56102,55559,43826,45048,35260,28069,18703,12611,7612
5001800US4803,"Congressional District 3 (118th Congress), Texas",50225,63887,64376,61936,51880,44104,53587,61890,67137,64063,61622,52326,44389,35640,28181,18404,12656,10082
5001800US4804,"Congressional District 4 (118th Congress), Texas",44669,56447,57699,59331,41035,50290,54965,59272,62033,58377,57229,51914,45460,37933,32097,23889,14427,10746
5001800US4805,"Congressional District 5 (118th Congress), Texas",50155,55819,59532,53152,48071,48589,56116,52396,50788,50643,48575,46848,49373,41380,30006,22212,12378,11216
5001800US4806,"Congressional District 6 (118th Congress), Texas",49687,53789,64141,58014,54136,56080,53790,56568,61907,50644,50525,44580,46262,36648,27082,17767,11747,8584
5001800US4807,"Congressional District 7 (118th Congress), Texas",55973,42957,39109,44996,65067,83121,75506,60120,52105,50711,44790,43643,36725,33005,23522,16077,8895,9031
5001800US4808,"Congressional District 8 (118th Congress), Texas",51682,70903,63381,60356,49500,53856,51585,61193,66420,57112,47097,45260,46165,38894,30849,18025,8288,7384
5001800US4809,"Congressional District 9 (118th Congress), Texas",53512,52169,54134,50503,60105,55496,66059,52745,56596,49730,46424,37461,42047,35513,25002,19196,10025,8131
5001800US4810,"Congressional District 10 (118th Congress), Texas",43238,50410,54346,64043,77715,48497,47383,55282,51738,48179,51172,43116,49054,40438,33537,20571,13640,11148
5001800US4811,"Congressional District 11 (118th Congress), Texas",56276,59499,60043,51991,53261,59622,61729,60709,47217,42989,40400,36245,41986,36727,26272,20942,11039,10385
5001800US4812,"Congressional District 12 (118th Congress), Texas",50745,48406,58487,51691,54134,57161,63712,62516,56145,41190,49343,45318,50609,38299,32601,20664,12482,10269
5001800US4813,"Congressional District 13 (118th Congress), Texas",42323,49720,54643,63414,59780,55281,52035,49675,53513,44362,44293,44365,45755,40594,30676,19510,14725,11757
5001800US4814,"Congressional District 14 (118th Congress), Texas",45281,52824,51281,49016,51873,50444,51546,54045,50424,49414,46148,45629,54571,39821,34285,22987,12956,10501
5001800US4815,"Congressional District 15 (118th Congress), Texas",53908,58505,69237,65070,58610,53255,57586,47545,48207,46157,43039,37277,38701,32252,24882,20087,11064,11431
5001800US4816,"Congressional District 16 (118th Congress), Texas",49612,51689,62153,56536,65161,59859,54692,53166,48687,46937,42709,39505,39944,35408,24353,17704,12836,12435
5001800US4817,"Congressional District 17 (118th Congress), Texas",45670,51234,51925,59927,69385,51934,51602,54406,46242,44574,47158,43128,45649,39289,31551,23032,12683,12607
5001800US4818,"Congressional District 18 (118th Congress), Texas",60633,57886,53825,59108,61367,59446,75480,56930,57175,46153,43644,38702,38353,30307,24523,12302,6938,6616
5001800US4819,"Congressional District 19 (118th Congress), Texas",49792,52739,49592,60414,75493,55876,53196,49740,50499,39477,41655,38991,42372,35443,29804,17992,12001,12681
5001800US4820,"Congressional District 20 (118th Congress), Texas",51759,50257,50486,58528,70573,62325,60619,61498,54359,45222,41270,36516,42481,32551,25424,17154,10321,9845
5001800US4821,"Congressional District 21 (118th Congress), Texas",42283,50741,52361,52679,47485,46482,55043,54088,54136,48804,47639,47898,55851,45601,42891,32071,17151,14655
5001800US4822,"Congressional District 22 (118th Congress), Texas",52789,66794,76387,59145,43246,41293,53642,67380,67265,60350,59746,47804,41625,40768,26046,19018,11321,8576
5001800US4823,"Congressional District 23 (118th Congress), Texas",51548,59700,58094,61158,53738,55819,53184,53883,54743,45716,50844,37543,36187,36143,28737,15835,12075,13408
5001800US4824,"Congressional District 24 (118th Congress), Texas",45525,51529,58629,55627,36742,42226,49371,51917,51744,52761,53249,51508,49536,37150,24457,22766,14215,11118
5001800US4825,"Congressional District 25 (118th Congress), Texas",46219,53950,57772,58651,56438,53144,54033,47273,57081,48805,47394,44145,50516,45349,33649,23978,14556,11664
5001800US4826,"Congressional District 26 (118th Congress), Texas",50110,57741,57410,55326,47405,52309,61328,60594,72856,59717,59404,49774,50821,35967,26206,18393,11627,8590
5001800US4827,"Congressional District 27 (118th Congress), Texas",47935,47630,56590,50068,49522,49135,52631,53487,53976,43163,42771,45481,47386,43039,36712,25083,13166,14123
5001800US4828,"Congressional District 28 (118th Congress), Texas",55854,58232,64824,62362,52898,55050,53456,51482,52494,48827,45563,38573,40935,32571,27272,18750,9588,9027
5001800US4829,"Congressional District 29 (118th Congress), Texas",49296,57581,55919,66493,55261,50867,49495,47228,50931,44695,43529,45008,34913,31979,21781,12258,9103,5779
5001800US4830,"Congressional District 30 (118th Congress), Texas",49537,51699,57315,56123,56963,67879,60517,54049,50312,46394,43391,45959,38939,29483,27373,16254,7396,7451
5001800US4831,"Congressional District 31 (118th Congress), Texas",49972,56514,63327,57806,55632,50685,60007,62222,68233,54761,51998,42620,47090,36663,34313,25655,13912,10431
5001800US4832,"Congressional District 32 (118th Congress), Texas",51244,44920,45963,55392,72873,82635,73306,63239,44609,43613,48086,41164,40636,29188,20122,15125,7423,7870
5001800US4833,"Congressional District 33 (118th Congress), Texas",53455,59316,53677,58361,62783,65703,62261,57441,49324,50132,44199,37849,31698,28314,22167,14760,6402,6887
5001800US4834,"Congressional District 34 (118th Congress), Texas",58589,60014,71932,69655,69667,54499,46045,43462,50798,47031,42496,36896,34540,30325,28737,20033,14353,11118
5001800US4835,"Congressional District 35 (118th Congress), Texas",48877,46852,51453,50841,71734,76485,86640,66189,53229,48911,46199,41132,39462,26855,20654,12168,8040,6356
5001800US4836,"Congressional District 36 (118th Congress), Texas",45622,54655,61333,52307,52469,49238,49767,56318,54536,47279,48366,42099,44636,33601,30523,22751,13081,11826
5001800US4837,"Congressional District 37 (118th Congress), Texas",38215,38725,39681,46509,60499,81233,86210,74733,63699,49929,43486,36669,34193,30760,26246,18486,8311,8032
5001800US4838,"Congressional District 38 (118th Congress), Texas",46618,57121,54155,47805,39806,44381,53169,61634,51845,44014,58437,51423,46405,37906,29909,22479,13135,8980
5001800US4901,"Congressional District 1 (118th Congress), Utah",53590,62760,68153,72734,80139,64175,60694,56225,60198,51025,42549,39707,41801,34974,25108,17990,9580,9030
5001800US4902,"Congressional District 2 (118th Congress), Utah",53393,59893,69029,63782,70234,59524,64232,60008,58290,46996,42789,39030,44057,37323,31876,23671,15013,10521
5001800US4903,"Congressional District 3 (118th Congress), Utah",54020,58082,61168,66833,92542,63468,50397,46033,48746,47092,42571,34022,39528,35528,26535,17452,11275,11341
5001800US4904,"Congressional District 4 (118th Congress), Utah",67461,73098,79770,74607,56600,65883,66403,64661,67056,54926,45247,36671,35209,28253,26019,15875,9284,7051
5001800US5000,"Congressional District (at Large) (118th Congress), Vermont",27875,30605,34125,43011,43805,37755,39760,41236,38943,35136,40657,41144,53185,46381,37179,25232,17682,13353
5001800US5101,"Congressional District 1 (118th Congress), Virginia",41412,48702,57421,52317,45675,38955,48324,50627,58175,47296,52663,51957,55595,49274,42878,31504,20153,17613
5001800US5102,"Congressional District 2 (118th Congress), Virginia",43749,49647,49139,45400,49309,49704,56821,54554,54929,45787,45922,48996,53689,44490,33778,26109,14078,14060
5001800US5103,"Congressional District 3 (118th Congress), Virginia",51519,49810,44464,48346,73763,63667,64981,55521,45306,37961,42199,42717,49486,39431,28748,20821,12420,9928
5001800US5104,"Congressional District 4 (118th Congress), Virginia",44842,39906,41404,50120,63926,60529,67857,59150,45560,41806,46896,49665,52693,42527,35740,23237,13432,11521
5001800US5105,"Congressional District 5 (118th Congress), Virginia",38172,40440,44207,57190,61430,47242,50467,44499,48425,41197,47566,54078,55819,50604,45682,31282,21641,17479
5001800US5106,"Congressional District 6 (118th Congress), Virginia",39454,42837,47445,54845,53400,47298,49640,47268,51702,40285,47077,53134,51098,50178,41918,30147,19207,17976
5001800US5107,"Congressional District 7 (118th Congress), Virginia",48362,50914,54729,55306,55045,47755,53205,60190,54422,53955,53500,52782,49253,36409,31211,20375,11262,10145
5001800US5108,"Congressional District 8 (118th Congress), Virginia",43951,43881,41196,38987,45699,70514,64743,64721,58006,47455,49799,47243,43470,32453,28122,20219,12580,11645
5001800US5109,"Congressional District 9 (118th Congress), Virginia",35586,37300,43270,56192,57969,40389,45104,45130,40582,45718,51806,54379,55097,55331,46787,37306,20458,16762
5001800US5110,"Congressional District 10 (118th Congress), Virginia",49627,56344,67078,59785,46035,41378,47540,57749,69124,61080,57744,53860,42115,29824,26135,19386,12452,8732
5001800US5111,"Congressional District 11 (118th Congress), Virginia",45008,47712,53822,50714,50034,48797,51712,53742,61438,56104,54454,48391,45511,37562,29637,23169,12137,14087
5001800US5301,"Congressional District 1 (118th Congress), Washington",45336,50110,43740,40647,38874,59068,73509,67711,63500,50944,54157,47542,45690,35688,26164,18817,10350,10473
5001800US5302,"Congressional District 2 (118th Congress), Washington",38569,41074,46011,43128,57481,54071,52839,57411,50704,44838,46041,44584,49516,50259,42351,30556,16675,16169
5001800US5303,"Congressional District 3 (118th Congress), Washington",42156,46404,50567,47062,45120,50049,55887,52791,51129,47909,50330,45892,56255,46160,43364,30000,15637,12510
5001800US5304,"Congressional District 4 (118th Congress), Washington",51735,61410,62155,57387,53435,52308,52731,49095,50397,44769,41743,40465,45196,42249,30497,21616,13593,12409
5001800US5305,"Congressional District 5 (118th Congress), Washington",40850,44403,48307,53075,59322,53159,56233,52458,48664,42530,44932,44679,51182,47951,39634,27203,15850,14917
5001800US5306,"Congressional District 6 (118th Congress), Washington",36488,43243,39705,38428,46751,47710,54127,53321,50280,41274,45990,49308,55127,52651,50657,33965,19776,14804
5001800US5307,"Congressional District 7 (118th Congress), Washington",31862,33294,30806,35672,60318,90922,90063,74614,53412,49721,44453,38804,40405,36862,26529,18953,12598,14639
5001800US5308,"Congressional District 8 (118th Congress), Washington",46354,51855,57047,48700,38433,35499,48617,59958,57739,50448,51764,50462,50078,40675,33659,22982,12281,9225
5001800US5309,"Congressional District 9 (118th Congress), Washington",40453,42590,44302,44165,44816,57140,67361,60344,48470,45765,49334,46419,44909,37279,30342,20452,12753,14774
5001800US5310,"Congressional District 10 (118th Congress), Washington",47919,49652,50766,48796,54804,61551,63453,61507,52133,45550,44343,43598,42186,37098,36252,23579,13162,12103
5001800US5401,"Congressional District 1 (118th Congress), West Virginia",42719,49626,50353,53184,53188,47498,47770,50461,56412,53705,57817,56392,62224,61229,55267,35568,24420,18980
5001800US5402,"Congressional District 2 (118th Congress), West Virginia",44750,46591,52466,58576,61137,54725,57099,50016,59777,51813,58660,57903,64132,58222,49956,33342,21694,17484
5001800US5501,"Congressional District 1 (118th Congress), Wisconsin",40224,41377,47664,47186,50237,42469,45863,45293,47107,40380,48348,51013,52050,45906,31107,23014,14586,15711
5001800US5502,"Congressional District 2 (118th Congress), Wisconsin",37762,39956,43656,50894,68021,53982,52339,50479,50180,41581,41847,43510,46627,40299,32612,21906,14403,13920
5001800US5503,"Congressional District 3 (118th Congress), Wisconsin",37616,41514,44411,53638,67656,43044,42947,44176,42948,37446,42593,46075,53442,47178,37818,27343,16596,14992
5001800US5504,"Congressional District 4 (118th Congress), Wisconsin",45388,43633,52237,52005,55358,61497,56698,48335,47437,38841,39401,38614,40230,33759,28417,17195,10406,10000
5001800US5505,"Congressional District 5 (118th Congress), Wisconsin",36810,40692,46950,46514,40643,39439,41994,50321,45644,44683,50107,52359,58098,48010,39798,26560,16519,16701
5001800US5506,"Congressional District 6 (118th Congress), Wisconsin",35384,41227,43033,44587,46511,42536,42507,45443,45145,41580,46654,50344,58070,49815,38480,26665,19039,16869
5001800US5507,"Congressional District 7 (118th Congress), Wisconsin",36782,42019,43382,43116,36427,38217,39335,44022,43047,41338,47792,55370,62415,55969,44419,32063,18250,16422
5001800US5508,"Congressional District 8 (118th Congress), Wisconsin",39278,43268,47768,47062,42153,44977,45885,48539,44877,42278,47639,55096,53571,47833,37046,24746,15412,14602
5001800US5600,"Congressional District (at Large) (118th Congress), Wyoming",30444,37271,38701,38287,36882,34971,37463,42391,39216,30529,33832,35054,38352,39086,29291,19540,11990,8081
